{
  "Claude-Haiku-4.5 (Bedrock)": {
    "name_only": 0.006172839506172839,
    "geo_only": 0.018518518518518517,
    "combined": 0.027777777777777776,
    "interaction": 0.0030864197530864196
  },
  "GPT-4o-mini (OpenAI)": {
    "name_only": 0.006172839506172839,
    "geo_only": 0.037037037037037035,
    "combined": -0.0030864197530864196,
    "interaction": -0.046296296296296294
  },
  "Llama-3.3-70B (Bedrock)": {
    "name_only": 0.009259259259259254,
    "geo_only": 0.0462962962962963,
    "combined": 0.019943019943019936,
    "interaction": -0.03561253561253562
  }
}